0, -100.000000, 0.815500
1, -100.000000, 0.732000
2, -100.000000, 0.684500
3, -100.000000, 0.619500
4, -100.000000, 0.451500
5, -100.000000, 0.345500
6, -100.000000, 0.270500
7, -90.000000, 0.227500
8, -100.000000, 0.211500
9, -100.000000, 0.154000
10, -100.000000, 0.131500
11, -100.000000, 0.098500
12, -90.000000, 0.059500
13, -100.000000, 0.047000
14, -100.000000, 0.010000
15, -100.000000, 0.010000
16, -100.000000, 0.010000
17, -90.000000, 0.010000
18, -100.000000, 0.010000
19, -100.000000, 0.010000
20, -100.000000, 0.010000
21, -100.000000, 0.010000
22, -100.000000, 0.010000
23, -100.000000, 0.010000
24, -100.000000, 0.010000
25, -100.000000, 0.010000
26, -90.000000, 0.010000
27, -100.000000, 0.010000
28, -100.000000, 0.010000
29, -100.000000, 0.010000
30, -100.000000, 0.010000
31, -100.000000, 0.010000
32, -100.000000, 0.010000
33, -100.000000, 0.010000
34, -100.000000, 0.010000
35, -100.000000, 0.010000
36, -100.000000, 0.010000
37, -100.000000, 0.010000
38, -100.000000, 0.010000
39, -100.000000, 0.010000
40, -100.000000, 0.010000
41, -100.000000, 0.010000
42, -90.000000, 0.010000
43, -100.000000, 0.010000
44, -100.000000, 0.010000
45, -100.000000, 0.010000
46, -100.000000, 0.010000
47, -100.000000, 0.010000
48, -100.000000, 0.010000
49, -100.000000, 0.010000
50, -100.000000, 0.010000
51, -100.000000, 0.010000
52, -100.000000, 0.010000
53, -100.000000, 0.010000
54, -100.000000, 0.010000
55, -100.000000, 0.010000
56, -100.000000, 0.010000
57, -100.000000, 0.010000
58, -100.000000, 0.010000
59, -100.000000, 0.010000
60, -100.000000, 0.010000
61, -100.000000, 0.010000
62, -100.000000, 0.010000
63, -100.000000, 0.010000
64, -100.000000, 0.010000
65, -100.000000, 0.010000
66, -100.000000, 0.010000
67, -100.000000, 0.010000
68, -100.000000, 0.010000
69, -100.000000, 0.010000
70, -100.000000, 0.010000
71, -100.000000, 0.010000
72, -100.000000, 0.010000
73, -100.000000, 0.010000
74, -90.000000, 0.010000
75, -100.000000, 0.010000
76, -100.000000, 0.010000
77, -100.000000, 0.010000
78, -100.000000, 0.010000
79, -100.000000, 0.010000
80, -100.000000, 0.010000
81, -100.000000, 0.010000
82, -100.000000, 0.010000
83, -100.000000, 0.010000
84, -100.000000, 0.010000
85, -100.000000, 0.010000
86, -90.000000, 0.010000
87, -100.000000, 0.010000
88, -100.000000, 0.010000
89, -100.000000, 0.010000
90, -100.000000, 0.010000
91, -100.000000, 0.010000
92, -100.000000, 0.010000
93, -100.000000, 0.010000
94, -100.000000, 0.010000
95, -100.000000, 0.010000
96, -100.000000, 0.010000
97, -100.000000, 0.010000
98, -100.000000, 0.010000
99, -100.000000, 0.010000
100, -100.000000, 0.010000
101, -100.000000, 0.010000
102, -100.000000, 0.010000
103, -100.000000, 0.010000
104, -100.000000, 0.010000
105, -100.000000, 0.010000
106, -100.000000, 0.010000
107, -100.000000, 0.010000
108, -100.000000, 0.010000
109, -100.000000, 0.010000
110, -100.000000, 0.010000
111, -100.000000, 0.010000
112, -100.000000, 0.010000
113, -100.000000, 0.010000
114, -100.000000, 0.010000
115, -100.000000, 0.010000
116, -100.000000, 0.010000
117, -100.000000, 0.010000
118, -100.000000, 0.010000
119, -100.000000, 0.010000
120, -100.000000, 0.010000
121, -100.000000, 0.010000
122, -100.000000, 0.010000
123, -100.000000, 0.010000
124, -100.000000, 0.010000
125, -100.000000, 0.010000
126, -100.000000, 0.010000
127, -100.000000, 0.010000
128, -100.000000, 0.010000
129, -100.000000, 0.010000
130, -100.000000, 0.010000
131, -100.000000, 0.010000
132, -100.000000, 0.010000
133, -100.000000, 0.010000
134, -100.000000, 0.010000
135, -100.000000, 0.010000
136, -100.000000, 0.010000
137, -100.000000, 0.010000
138, -100.000000, 0.010000
139, -100.000000, 0.010000
140, -100.000000, 0.010000
141, -100.000000, 0.010000
142, -90.000000, 0.010000
143, -100.000000, 0.010000
144, -100.000000, 0.010000
145, -100.000000, 0.010000
146, -100.000000, 0.010000
147, -100.000000, 0.010000
148, -100.000000, 0.010000
149, -100.000000, 0.010000
150, -100.000000, 0.010000
151, -100.000000, 0.010000
152, -100.000000, 0.010000
153, -100.000000, 0.010000
154, -100.000000, 0.010000
155, -100.000000, 0.010000
156, -100.000000, 0.010000
157, -100.000000, 0.010000
158, -100.000000, 0.010000
159, -100.000000, 0.010000
160, -80.000000, 0.010000
161, -100.000000, 0.010000
162, -100.000000, 0.010000
163, -100.000000, 0.010000
164, -100.000000, 0.010000
165, -100.000000, 0.010000
166, -100.000000, 0.010000
167, -100.000000, 0.010000
168, -100.000000, 0.010000
169, -100.000000, 0.010000
170, -100.000000, 0.010000
171, -100.000000, 0.010000
172, -100.000000, 0.010000
173, -100.000000, 0.010000
174, -100.000000, 0.010000
175, -100.000000, 0.010000
176, -100.000000, 0.010000
177, -100.000000, 0.010000
178, -90.000000, 0.010000
179, -100.000000, 0.010000
180, -100.000000, 0.010000
181, -100.000000, 0.010000
182, -100.000000, 0.010000
183, -100.000000, 0.010000
184, -90.000000, 0.010000
185, -100.000000, 0.010000
186, -100.000000, 0.010000
187, -100.000000, 0.010000
188, -100.000000, 0.010000
189, -100.000000, 0.010000
190, -100.000000, 0.010000
191, -100.000000, 0.010000
192, -100.000000, 0.010000
193, -100.000000, 0.010000
194, -100.000000, 0.010000
195, -100.000000, 0.010000
196, -100.000000, 0.010000
197, -100.000000, 0.010000
198, -100.000000, 0.010000
199, -100.000000, 0.010000
200, -100.000000, 0.010000
201, -100.000000, 0.010000
202, -100.000000, 0.010000
203, -100.000000, 0.010000
204, -100.000000, 0.010000
205, -100.000000, 0.010000
206, -100.000000, 0.010000
207, -100.000000, 0.010000
208, -100.000000, 0.010000
209, -100.000000, 0.010000
210, -100.000000, 0.010000
211, -100.000000, 0.010000
212, -100.000000, 0.010000
213, -100.000000, 0.010000
214, -100.000000, 0.010000
215, -100.000000, 0.010000
216, -100.000000, 0.010000
217, -100.000000, 0.010000
218, -100.000000, 0.010000
219, -100.000000, 0.010000
220, -100.000000, 0.010000
221, -100.000000, 0.010000
222, -100.000000, 0.010000
223, -100.000000, 0.010000
224, -100.000000, 0.010000
225, -100.000000, 0.010000
226, -100.000000, 0.010000
227, -100.000000, 0.010000
228, -100.000000, 0.010000
229, -90.000000, 0.010000
230, -100.000000, 0.010000
231, -100.000000, 0.010000
232, -100.000000, 0.010000
233, -100.000000, 0.010000
234, -100.000000, 0.010000
235, -100.000000, 0.010000
236, -100.000000, 0.010000
237, -100.000000, 0.010000
238, -100.000000, 0.010000
239, -100.000000, 0.010000
240, -100.000000, 0.010000
241, -100.000000, 0.010000
242, -100.000000, 0.010000
243, -90.000000, 0.010000
244, -100.000000, 0.010000
245, -100.000000, 0.010000
246, -90.000000, 0.010000
247, -100.000000, 0.010000
248, -100.000000, 0.010000
249, -100.000000, 0.010000
250, -100.000000, 0.010000
251, -100.000000, 0.010000
252, -100.000000, 0.010000
253, -100.000000, 0.010000
254, -100.000000, 0.010000
255, -100.000000, 0.010000
256, -100.000000, 0.010000
257, -100.000000, 0.010000
258, -100.000000, 0.010000
259, -100.000000, 0.010000
260, -100.000000, 0.010000
261, -100.000000, 0.010000
262, -100.000000, 0.010000
263, -100.000000, 0.010000
264, -100.000000, 0.010000
265, -100.000000, 0.010000
266, -100.000000, 0.010000
267, -100.000000, 0.010000
268, -100.000000, 0.010000
269, -100.000000, 0.010000
270, -100.000000, 0.010000
271, -100.000000, 0.010000
272, -100.000000, 0.010000
273, -100.000000, 0.010000
274, -100.000000, 0.010000
275, -100.000000, 0.010000
276, -90.000000, 0.010000
277, -100.000000, 0.010000
278, -100.000000, 0.010000
279, -100.000000, 0.010000
280, -100.000000, 0.010000
281, -100.000000, 0.010000
282, -100.000000, 0.010000
283, -100.000000, 0.010000
284, -100.000000, 0.010000
285, -100.000000, 0.010000
286, -100.000000, 0.010000
287, -100.000000, 0.010000
288, -100.000000, 0.010000
289, -100.000000, 0.010000
290, -100.000000, 0.010000
291, -100.000000, 0.010000
292, -100.000000, 0.010000
293, -100.000000, 0.010000
294, -100.000000, 0.010000
295, -100.000000, 0.010000
296, -90.000000, 0.010000
297, -100.000000, 0.010000
298, -100.000000, 0.010000
299, -100.000000, 0.010000
300, -100.000000, 0.010000
301, -100.000000, 0.010000
302, -100.000000, 0.010000
303, -100.000000, 0.010000
304, -100.000000, 0.010000
305, -100.000000, 0.010000
306, -100.000000, 0.010000
307, -100.000000, 0.010000
308, -100.000000, 0.010000
309, -100.000000, 0.010000
310, -100.000000, 0.010000
311, -100.000000, 0.010000
312, -100.000000, 0.010000
313, -100.000000, 0.010000
314, -100.000000, 0.010000
315, -100.000000, 0.010000
316, -100.000000, 0.010000
317, -100.000000, 0.010000
318, -100.000000, 0.010000
319, -100.000000, 0.010000
320, -100.000000, 0.010000
321, -100.000000, 0.010000
322, -100.000000, 0.010000
323, -100.000000, 0.010000
324, -100.000000, 0.010000
325, -100.000000, 0.010000
326, -100.000000, 0.010000
327, -100.000000, 0.010000
328, -100.000000, 0.010000
329, -100.000000, 0.010000
330, -100.000000, 0.010000
331, -100.000000, 0.010000
332, -100.000000, 0.010000
333, -100.000000, 0.010000
334, -100.000000, 0.010000
335, -100.000000, 0.010000
336, -100.000000, 0.010000
337, -100.000000, 0.010000
338, -100.000000, 0.010000
339, -100.000000, 0.010000
340, -100.000000, 0.010000
341, -100.000000, 0.010000
342, -100.000000, 0.010000
343, -100.000000, 0.010000
344, -100.000000, 0.010000
345, -100.000000, 0.010000
346, -100.000000, 0.010000
347, -100.000000, 0.010000
348, -100.000000, 0.010000
349, -100.000000, 0.010000
350, -100.000000, 0.010000
351, -100.000000, 0.010000
352, -100.000000, 0.010000
353, -100.000000, 0.010000
354, -100.000000, 0.010000
355, -100.000000, 0.010000
356, -100.000000, 0.010000
357, -100.000000, 0.010000
358, -100.000000, 0.010000
359, -100.000000, 0.010000
360, -100.000000, 0.010000
361, -100.000000, 0.010000
362, -100.000000, 0.010000
363, -100.000000, 0.010000
364, -100.000000, 0.010000
365, -100.000000, 0.010000
366, -100.000000, 0.010000
367, -100.000000, 0.010000
368, -100.000000, 0.010000
369, -100.000000, 0.010000
370, -100.000000, 0.010000
371, -100.000000, 0.010000
372, -100.000000, 0.010000
373, -100.000000, 0.010000
374, -100.000000, 0.010000
375, -100.000000, 0.010000
376, -100.000000, 0.010000
377, -100.000000, 0.010000
378, -100.000000, 0.010000
379, -100.000000, 0.010000
380, -100.000000, 0.010000
381, -100.000000, 0.010000
382, -100.000000, 0.010000
383, -100.000000, 0.010000
384, -100.000000, 0.010000
385, -100.000000, 0.010000
386, -100.000000, 0.010000
387, -100.000000, 0.010000
388, -100.000000, 0.010000
389, -100.000000, 0.010000
390, -90.000000, 0.010000
391, -100.000000, 0.010000
392, -100.000000, 0.010000
393, -100.000000, 0.010000
394, -100.000000, 0.010000
395, -100.000000, 0.010000
396, -100.000000, 0.010000
397, -100.000000, 0.010000
398, -100.000000, 0.010000
399, -100.000000, 0.010000
400, -100.000000, 0.010000
401, -100.000000, 0.010000
402, -100.000000, 0.010000
403, -100.000000, 0.010000
404, -100.000000, 0.010000
405, -100.000000, 0.010000
406, -100.000000, 0.010000
407, -100.000000, 0.010000
408, -100.000000, 0.010000
409, -100.000000, 0.010000
410, -100.000000, 0.010000
411, -100.000000, 0.010000
412, -100.000000, 0.010000
413, -100.000000, 0.010000
414, -100.000000, 0.010000
415, -100.000000, 0.010000
416, -100.000000, 0.010000
417, -100.000000, 0.010000
418, -100.000000, 0.010000
419, -100.000000, 0.010000
420, -100.000000, 0.010000
421, -100.000000, 0.010000
422, -100.000000, 0.010000
423, -100.000000, 0.010000
424, -100.000000, 0.010000
425, -100.000000, 0.010000
426, -100.000000, 0.010000
427, -100.000000, 0.010000
428, -100.000000, 0.010000
429, -100.000000, 0.010000
430, -100.000000, 0.010000
431, -100.000000, 0.010000
432, -100.000000, 0.010000
433, -100.000000, 0.010000
434, -100.000000, 0.010000
435, -100.000000, 0.010000
436, -100.000000, 0.010000
437, -100.000000, 0.010000
438, -100.000000, 0.010000
439, -100.000000, 0.010000
440, -100.000000, 0.010000
441, -100.000000, 0.010000
442, -100.000000, 0.010000
443, -100.000000, 0.010000
444, -100.000000, 0.010000
445, -100.000000, 0.010000
446, -100.000000, 0.010000
447, -100.000000, 0.010000
448, -100.000000, 0.010000
449, -100.000000, 0.010000
450, -100.000000, 0.010000
451, -100.000000, 0.010000
452, -100.000000, 0.010000
453, -100.000000, 0.010000
454, -100.000000, 0.010000
455, -100.000000, 0.010000
456, -100.000000, 0.010000
457, -100.000000, 0.010000
458, -100.000000, 0.010000
459, -100.000000, 0.010000
460, -100.000000, 0.010000
461, -100.000000, 0.010000
462, -100.000000, 0.010000
463, -100.000000, 0.010000
464, -100.000000, 0.010000
465, -100.000000, 0.010000
466, -100.000000, 0.010000
467, -100.000000, 0.010000
468, -100.000000, 0.010000
469, -100.000000, 0.010000
470, -100.000000, 0.010000
471, -100.000000, 0.010000
472, -100.000000, 0.010000
473, -100.000000, 0.010000
474, -100.000000, 0.010000
475, -100.000000, 0.010000
476, -100.000000, 0.010000
477, -100.000000, 0.010000
478, -100.000000, 0.010000
479, -100.000000, 0.010000
480, -100.000000, 0.010000
481, -100.000000, 0.010000
482, -100.000000, 0.010000
483, -100.000000, 0.010000
484, -100.000000, 0.010000
485, -100.000000, 0.010000
486, -100.000000, 0.010000
487, -100.000000, 0.010000
488, -100.000000, 0.010000
489, -100.000000, 0.010000
490, -100.000000, 0.010000
491, -100.000000, 0.010000
492, -100.000000, 0.010000
493, -100.000000, 0.010000
494, -100.000000, 0.010000
495, -100.000000, 0.010000
496, -100.000000, 0.010000
497, -100.000000, 0.010000
498, -100.000000, 0.010000
499, -100.000000, 0.010000
500, -100.000000, 0.010000
501, -100.000000, 0.010000
502, -100.000000, 0.010000
503, -100.000000, 0.010000
504, -100.000000, 0.010000
505, -100.000000, 0.010000
506, -100.000000, 0.010000
507, -100.000000, 0.010000
508, -100.000000, 0.010000
509, -100.000000, 0.010000
510, -100.000000, 0.010000
511, -100.000000, 0.010000
512, -100.000000, 0.010000
513, -100.000000, 0.010000
514, -100.000000, 0.010000
515, -100.000000, 0.010000
516, -100.000000, 0.010000
517, -100.000000, 0.010000
518, -100.000000, 0.010000
519, -100.000000, 0.010000
520, -90.000000, 0.010000
521, -100.000000, 0.010000
522, -100.000000, 0.010000
523, -100.000000, 0.010000
524, -100.000000, 0.010000
525, -100.000000, 0.010000
526, -100.000000, 0.010000
527, -100.000000, 0.010000
528, -100.000000, 0.010000
529, -100.000000, 0.010000
530, -100.000000, 0.010000
531, -100.000000, 0.010000
532, -100.000000, 0.010000
533, -100.000000, 0.010000
534, -100.000000, 0.010000
535, -100.000000, 0.010000
536, -100.000000, 0.010000
537, -100.000000, 0.010000
538, -100.000000, 0.010000
539, -100.000000, 0.010000
540, -100.000000, 0.010000
541, -100.000000, 0.010000
542, -100.000000, 0.010000
543, -100.000000, 0.010000
544, -100.000000, 0.010000
545, -100.000000, 0.010000
546, -90.000000, 0.010000
547, -100.000000, 0.010000
548, -100.000000, 0.010000
549, -100.000000, 0.010000
550, -100.000000, 0.010000
551, -100.000000, 0.010000
552, -100.000000, 0.010000
553, -100.000000, 0.010000
554, -100.000000, 0.010000
555, -100.000000, 0.010000
556, -90.000000, 0.010000
557, -100.000000, 0.010000
558, -100.000000, 0.010000
559, -100.000000, 0.010000
560, -100.000000, 0.010000
561, -100.000000, 0.010000
562, -100.000000, 0.010000
563, -100.000000, 0.010000
564, -100.000000, 0.010000
565, -100.000000, 0.010000
566, -100.000000, 0.010000
567, -100.000000, 0.010000
568, -100.000000, 0.010000
569, -100.000000, 0.010000
570, -100.000000, 0.010000
571, -100.000000, 0.010000
572, -100.000000, 0.010000
573, -100.000000, 0.010000
574, -100.000000, 0.010000
575, -100.000000, 0.010000
576, -100.000000, 0.010000
577, -100.000000, 0.010000
578, -100.000000, 0.010000
579, -100.000000, 0.010000
580, -100.000000, 0.010000
581, -100.000000, 0.010000
582, -100.000000, 0.010000
583, -100.000000, 0.010000
584, -100.000000, 0.010000
585, -100.000000, 0.010000
586, -100.000000, 0.010000
587, -100.000000, 0.010000
588, -100.000000, 0.010000
589, -100.000000, 0.010000
590, -100.000000, 0.010000
591, -100.000000, 0.010000
592, -100.000000, 0.010000
593, -100.000000, 0.010000
594, -100.000000, 0.010000
595, -100.000000, 0.010000
596, -100.000000, 0.010000
597, -100.000000, 0.010000
598, -100.000000, 0.010000
599, -100.000000, 0.010000
600, -100.000000, 0.010000
601, -100.000000, 0.010000
602, -100.000000, 0.010000
603, -100.000000, 0.010000
604, -100.000000, 0.010000
605, -100.000000, 0.010000
606, -100.000000, 0.010000
607, -100.000000, 0.010000
608, -100.000000, 0.010000
609, -100.000000, 0.010000
610, -100.000000, 0.010000
611, -100.000000, 0.010000
612, -100.000000, 0.010000
613, -100.000000, 0.010000
614, -100.000000, 0.010000
615, -100.000000, 0.010000
616, -100.000000, 0.010000
617, -90.000000, 0.010000
618, -100.000000, 0.010000
619, -100.000000, 0.010000
620, -100.000000, 0.010000
621, -100.000000, 0.010000
622, -100.000000, 0.010000
623, -100.000000, 0.010000
624, -100.000000, 0.010000
625, -100.000000, 0.010000
626, -100.000000, 0.010000
627, -100.000000, 0.010000
628, -100.000000, 0.010000
629, -100.000000, 0.010000
630, -100.000000, 0.010000
631, -100.000000, 0.010000
632, -100.000000, 0.010000
633, -100.000000, 0.010000
634, -100.000000, 0.010000
635, -100.000000, 0.010000
636, -100.000000, 0.010000
637, -100.000000, 0.010000
638, -100.000000, 0.010000
639, -100.000000, 0.010000
640, -100.000000, 0.010000
641, -100.000000, 0.010000
642, -100.000000, 0.010000
643, -100.000000, 0.010000
644, -100.000000, 0.010000
645, -100.000000, 0.010000
646, -100.000000, 0.010000
647, -100.000000, 0.010000
648, -100.000000, 0.010000
649, -100.000000, 0.010000
650, -100.000000, 0.010000
651, -100.000000, 0.010000
652, -100.000000, 0.010000
653, -100.000000, 0.010000
654, -100.000000, 0.010000
655, -100.000000, 0.010000
656, -100.000000, 0.010000
657, -100.000000, 0.010000
658, -100.000000, 0.010000
659, -100.000000, 0.010000
660, -100.000000, 0.010000
661, -100.000000, 0.010000
662, -100.000000, 0.010000
663, -100.000000, 0.010000
664, -100.000000, 0.010000
665, -100.000000, 0.010000
666, -100.000000, 0.010000
667, -90.000000, 0.010000
668, -100.000000, 0.010000
669, -100.000000, 0.010000
670, -100.000000, 0.010000
671, -100.000000, 0.010000
672, -100.000000, 0.010000
673, -100.000000, 0.010000
674, -100.000000, 0.010000
675, -100.000000, 0.010000
676, -100.000000, 0.010000
677, -100.000000, 0.010000
678, -100.000000, 0.010000
679, -100.000000, 0.010000
680, -100.000000, 0.010000
681, -100.000000, 0.010000
682, -100.000000, 0.010000
683, -100.000000, 0.010000
684, -100.000000, 0.010000
685, -100.000000, 0.010000
686, -100.000000, 0.010000
687, -100.000000, 0.010000
688, -100.000000, 0.010000
689, -100.000000, 0.010000
690, -100.000000, 0.010000
691, -100.000000, 0.010000
692, -100.000000, 0.010000
693, -100.000000, 0.010000
694, -100.000000, 0.010000
695, -100.000000, 0.010000
696, -100.000000, 0.010000
697, -100.000000, 0.010000
698, -100.000000, 0.010000
699, -100.000000, 0.010000
700, -100.000000, 0.010000
701, -100.000000, 0.010000
702, -100.000000, 0.010000
703, -90.000000, 0.010000
704, -90.000000, 0.010000
705, -100.000000, 0.010000
706, -100.000000, 0.010000
707, -100.000000, 0.010000
708, -100.000000, 0.010000
709, -100.000000, 0.010000
710, -100.000000, 0.010000
711, -100.000000, 0.010000
712, -100.000000, 0.010000
713, -100.000000, 0.010000
714, -100.000000, 0.010000
715, -100.000000, 0.010000
716, -100.000000, 0.010000
717, -100.000000, 0.010000
718, -100.000000, 0.010000
719, -100.000000, 0.010000
720, -90.000000, 0.010000
721, -90.000000, 0.010000
722, -100.000000, 0.010000
723, -100.000000, 0.010000
724, -100.000000, 0.010000
725, -100.000000, 0.010000
726, -100.000000, 0.010000
727, -100.000000, 0.010000
728, -100.000000, 0.010000
729, -100.000000, 0.010000
730, -100.000000, 0.010000
731, -100.000000, 0.010000
732, -100.000000, 0.010000
733, -100.000000, 0.010000
734, -100.000000, 0.010000
735, -100.000000, 0.010000
736, -100.000000, 0.010000
737, -100.000000, 0.010000
738, -100.000000, 0.010000
739, -100.000000, 0.010000
740, -100.000000, 0.010000
741, -100.000000, 0.010000
742, -100.000000, 0.010000
743, -100.000000, 0.010000
744, -100.000000, 0.010000
745, -100.000000, 0.010000
746, -100.000000, 0.010000
747, -100.000000, 0.010000
748, -100.000000, 0.010000
749, -100.000000, 0.010000
750, -100.000000, 0.010000
751, -100.000000, 0.010000
752, -100.000000, 0.010000
753, -100.000000, 0.010000
754, -100.000000, 0.010000
755, -100.000000, 0.010000
756, -100.000000, 0.010000
757, -100.000000, 0.010000
758, -100.000000, 0.010000
759, -100.000000, 0.010000
760, -100.000000, 0.010000
761, -100.000000, 0.010000
762, -100.000000, 0.010000
763, -100.000000, 0.010000
764, -100.000000, 0.010000
765, -100.000000, 0.010000
766, -100.000000, 0.010000
767, -100.000000, 0.010000
768, -100.000000, 0.010000
769, -100.000000, 0.010000
770, -100.000000, 0.010000
771, -100.000000, 0.010000
772, -100.000000, 0.010000
773, -100.000000, 0.010000
774, -100.000000, 0.010000
775, -100.000000, 0.010000
776, -100.000000, 0.010000
777, -100.000000, 0.010000
778, -100.000000, 0.010000
779, -100.000000, 0.010000
780, -100.000000, 0.010000
781, -100.000000, 0.010000
782, -100.000000, 0.010000
783, -100.000000, 0.010000
784, -100.000000, 0.010000
785, -100.000000, 0.010000
786, -100.000000, 0.010000
787, -100.000000, 0.010000
788, -100.000000, 0.010000
789, -100.000000, 0.010000
790, -100.000000, 0.010000
791, -100.000000, 0.010000
792, -100.000000, 0.010000
793, -100.000000, 0.010000
794, -100.000000, 0.010000
795, -100.000000, 0.010000
796, -100.000000, 0.010000
797, -100.000000, 0.010000
798, -100.000000, 0.010000
799, -100.000000, 0.010000
800, -100.000000, 0.010000
801, -100.000000, 0.010000
802, -100.000000, 0.010000
803, -100.000000, 0.010000
804, -100.000000, 0.010000
805, -100.000000, 0.010000
806, -100.000000, 0.010000
807, -100.000000, 0.010000
808, -100.000000, 0.010000
809, -100.000000, 0.010000
810, -100.000000, 0.010000
811, -100.000000, 0.010000
812, -100.000000, 0.010000
813, -100.000000, 0.010000
814, -100.000000, 0.010000
815, -100.000000, 0.010000
816, -100.000000, 0.010000
817, -100.000000, 0.010000
818, -100.000000, 0.010000
819, -100.000000, 0.010000
820, -100.000000, 0.010000
821, -100.000000, 0.010000
822, -100.000000, 0.010000
823, -100.000000, 0.010000
824, -100.000000, 0.010000
825, -100.000000, 0.010000
826, -100.000000, 0.010000
827, -100.000000, 0.010000
828, -100.000000, 0.010000
829, -100.000000, 0.010000
830, -100.000000, 0.010000
831, -100.000000, 0.010000
832, -100.000000, 0.010000
833, -100.000000, 0.010000
834, -100.000000, 0.010000
835, -100.000000, 0.010000
836, -100.000000, 0.010000
837, -100.000000, 0.010000
838, -100.000000, 0.010000
839, -100.000000, 0.010000
840, -100.000000, 0.010000
841, -100.000000, 0.010000
842, -100.000000, 0.010000
843, -100.000000, 0.010000
844, -100.000000, 0.010000
845, -100.000000, 0.010000
846, -100.000000, 0.010000
847, -100.000000, 0.010000
848, -100.000000, 0.010000
849, -100.000000, 0.010000
850, -100.000000, 0.010000
851, -100.000000, 0.010000
852, -100.000000, 0.010000
853, -90.000000, 0.010000
854, -100.000000, 0.010000
855, -100.000000, 0.010000
856, -100.000000, 0.010000
857, -100.000000, 0.010000
858, -100.000000, 0.010000
859, -100.000000, 0.010000
860, -100.000000, 0.010000
861, -100.000000, 0.010000
862, -100.000000, 0.010000
863, -100.000000, 0.010000
864, -100.000000, 0.010000
865, -100.000000, 0.010000
866, -100.000000, 0.010000
867, -100.000000, 0.010000
868, -100.000000, 0.010000
869, -100.000000, 0.010000
870, -100.000000, 0.010000
871, -80.000000, 0.010000
872, -100.000000, 0.010000
873, -100.000000, 0.010000
874, -100.000000, 0.010000
875, -100.000000, 0.010000
876, -100.000000, 0.010000
877, -100.000000, 0.010000
878, -100.000000, 0.010000
879, -100.000000, 0.010000
880, -100.000000, 0.010000
881, -100.000000, 0.010000
882, -100.000000, 0.010000
883, -100.000000, 0.010000
884, -100.000000, 0.010000
885, -100.000000, 0.010000
886, -100.000000, 0.010000
887, -100.000000, 0.010000
888, -100.000000, 0.010000
889, -100.000000, 0.010000
890, -100.000000, 0.010000
891, -100.000000, 0.010000
892, -100.000000, 0.010000
893, -100.000000, 0.010000
894, -100.000000, 0.010000
895, -100.000000, 0.010000
896, -100.000000, 0.010000
897, -100.000000, 0.010000
898, -100.000000, 0.010000
899, -100.000000, 0.010000
900, -100.000000, 0.010000
901, -100.000000, 0.010000
902, -100.000000, 0.010000
903, -100.000000, 0.010000
904, -100.000000, 0.010000
905, -100.000000, 0.010000
906, -100.000000, 0.010000
907, -100.000000, 0.010000
908, -100.000000, 0.010000
909, -100.000000, 0.010000
910, -100.000000, 0.010000
911, -100.000000, 0.010000
912, -100.000000, 0.010000
913, -100.000000, 0.010000
914, -100.000000, 0.010000
915, -100.000000, 0.010000
916, -100.000000, 0.010000
917, -100.000000, 0.010000
918, -100.000000, 0.010000
919, -100.000000, 0.010000
920, -100.000000, 0.010000
921, -100.000000, 0.010000
922, -100.000000, 0.010000
923, -100.000000, 0.010000
924, -100.000000, 0.010000
925, -100.000000, 0.010000
926, -100.000000, 0.010000
927, -100.000000, 0.010000
928, -100.000000, 0.010000
929, -100.000000, 0.010000
930, -100.000000, 0.010000
931, -100.000000, 0.010000
932, -100.000000, 0.010000
933, -100.000000, 0.010000
934, -100.000000, 0.010000
935, -100.000000, 0.010000
936, -100.000000, 0.010000
937, -100.000000, 0.010000
938, -100.000000, 0.010000
939, -100.000000, 0.010000
940, -100.000000, 0.010000
941, -100.000000, 0.010000
942, -100.000000, 0.010000
943, -100.000000, 0.010000
944, -100.000000, 0.010000
945, -100.000000, 0.010000
946, -100.000000, 0.010000
947, -100.000000, 0.010000
948, -100.000000, 0.010000
949, -100.000000, 0.010000
950, -100.000000, 0.010000
951, -100.000000, 0.010000
952, -100.000000, 0.010000
953, -100.000000, 0.010000
954, -100.000000, 0.010000
955, -100.000000, 0.010000
956, -100.000000, 0.010000
957, -100.000000, 0.010000
958, -100.000000, 0.010000
959, -100.000000, 0.010000
960, -100.000000, 0.010000
961, -100.000000, 0.010000
962, -100.000000, 0.010000
963, -100.000000, 0.010000
964, -100.000000, 0.010000
965, -100.000000, 0.010000
966, -100.000000, 0.010000
967, -100.000000, 0.010000
968, -100.000000, 0.010000
969, -100.000000, 0.010000
970, -100.000000, 0.010000
971, -100.000000, 0.010000
972, -100.000000, 0.010000
973, -100.000000, 0.010000
974, -100.000000, 0.010000
975, -100.000000, 0.010000
976, -100.000000, 0.010000
977, -100.000000, 0.010000
978, -90.000000, 0.010000
979, -90.000000, 0.010000
980, -100.000000, 0.010000
981, -100.000000, 0.010000
982, -100.000000, 0.010000
983, -100.000000, 0.010000
984, -100.000000, 0.010000
985, -100.000000, 0.010000
986, -100.000000, 0.010000
987, -100.000000, 0.010000
988, -100.000000, 0.010000
989, -100.000000, 0.010000
990, -100.000000, 0.010000
991, -100.000000, 0.010000
992, -100.000000, 0.010000
993, -100.000000, 0.010000
994, -100.000000, 0.010000
995, -100.000000, 0.010000
996, -100.000000, 0.010000
997, -100.000000, 0.010000
998, -100.000000, 0.010000
999, -100.000000, 0.010000
1000, -100.000000, 0.010000
1001, -100.000000, 0.010000
1002, -100.000000, 0.010000
1003, -90.000000, 0.010000
1004, -100.000000, 0.010000
1005, -100.000000, 0.010000
1006, -100.000000, 0.010000
1007, -100.000000, 0.010000
1008, -100.000000, 0.010000
1009, -100.000000, 0.010000
1010, -100.000000, 0.010000
1011, -100.000000, 0.010000
1012, -100.000000, 0.010000
1013, -100.000000, 0.010000
1014, -100.000000, 0.010000
1015, -100.000000, 0.010000
1016, -100.000000, 0.010000
1017, -100.000000, 0.010000
1018, -100.000000, 0.010000
1019, -100.000000, 0.010000
1020, -100.000000, 0.010000
1021, -100.000000, 0.010000
1022, -100.000000, 0.010000
1023, -100.000000, 0.010000
1024, -90.000000, 0.010000
1025, -100.000000, 0.010000
1026, -100.000000, 0.010000
1027, -100.000000, 0.010000
1028, -100.000000, 0.010000
1029, -100.000000, 0.010000
1030, -100.000000, 0.010000
1031, -100.000000, 0.010000
1032, -100.000000, 0.010000
1033, -100.000000, 0.010000
1034, -100.000000, 0.010000
1035, -100.000000, 0.010000
1036, -100.000000, 0.010000
1037, -100.000000, 0.010000
1038, -100.000000, 0.010000
1039, -100.000000, 0.010000
1040, -100.000000, 0.010000
1041, -100.000000, 0.010000
1042, -100.000000, 0.010000
1043, -100.000000, 0.010000
1044, -100.000000, 0.010000
1045, -100.000000, 0.010000
1046, -100.000000, 0.010000
1047, -100.000000, 0.010000
1048, -100.000000, 0.010000
1049, -100.000000, 0.010000
1050, -100.000000, 0.010000
1051, -100.000000, 0.010000
1052, -100.000000, 0.010000
1053, -100.000000, 0.010000
1054, -100.000000, 0.010000
1055, -100.000000, 0.010000
1056, -100.000000, 0.010000
1057, -100.000000, 0.010000
1058, -100.000000, 0.010000
1059, -100.000000, 0.010000
1060, -100.000000, 0.010000
1061, -100.000000, 0.010000
1062, -100.000000, 0.010000
1063, -100.000000, 0.010000
1064, -100.000000, 0.010000
1065, -100.000000, 0.010000
1066, -100.000000, 0.010000
1067, -100.000000, 0.010000
1068, -100.000000, 0.010000
1069, -100.000000, 0.010000
1070, -100.000000, 0.010000
1071, -100.000000, 0.010000
1072, -100.000000, 0.010000
1073, -100.000000, 0.010000
1074, -100.000000, 0.010000
1075, -100.000000, 0.010000
1076, -100.000000, 0.010000
1077, -100.000000, 0.010000
1078, -100.000000, 0.010000
1079, -100.000000, 0.010000
1080, -100.000000, 0.010000
1081, -100.000000, 0.010000
1082, -100.000000, 0.010000
1083, -100.000000, 0.010000
1084, -100.000000, 0.010000
1085, -100.000000, 0.010000
1086, -100.000000, 0.010000
1087, -100.000000, 0.010000
1088, -100.000000, 0.010000
1089, -100.000000, 0.010000
1090, -100.000000, 0.010000
1091, -100.000000, 0.010000
1092, -100.000000, 0.010000
1093, -100.000000, 0.010000
1094, -100.000000, 0.010000
1095, -100.000000, 0.010000
1096, -100.000000, 0.010000
1097, -100.000000, 0.010000
1098, -100.000000, 0.010000
1099, -100.000000, 0.010000
1100, -100.000000, 0.010000
1101, -100.000000, 0.010000
1102, -100.000000, 0.010000
1103, -100.000000, 0.010000
1104, -100.000000, 0.010000
1105, -100.000000, 0.010000
1106, -100.000000, 0.010000
1107, -100.000000, 0.010000
1108, -100.000000, 0.010000
1109, -100.000000, 0.010000
1110, -100.000000, 0.010000
1111, -100.000000, 0.010000
1112, -100.000000, 0.010000
1113, -90.000000, 0.010000
1114, -90.000000, 0.010000
1115, -100.000000, 0.010000
1116, -100.000000, 0.010000
1117, -100.000000, 0.010000
1118, -100.000000, 0.010000
1119, -100.000000, 0.010000
1120, -100.000000, 0.010000
1121, -100.000000, 0.010000
1122, -100.000000, 0.010000
1123, -100.000000, 0.010000
1124, -100.000000, 0.010000
1125, -100.000000, 0.010000
1126, -100.000000, 0.010000
1127, -100.000000, 0.010000
1128, -100.000000, 0.010000
1129, -100.000000, 0.010000
1130, -100.000000, 0.010000
1131, -100.000000, 0.010000
1132, -90.000000, 0.010000
1133, -100.000000, 0.010000
1134, -100.000000, 0.010000
1135, -100.000000, 0.010000
1136, -100.000000, 0.010000
1137, -100.000000, 0.010000
1138, -100.000000, 0.010000
1139, -100.000000, 0.010000
1140, -100.000000, 0.010000
1141, -100.000000, 0.010000
1142, -100.000000, 0.010000
1143, -90.000000, 0.010000
1144, -100.000000, 0.010000
1145, -100.000000, 0.010000
1146, -100.000000, 0.010000
1147, -100.000000, 0.010000
1148, -100.000000, 0.010000
1149, -100.000000, 0.010000
1150, -100.000000, 0.010000
1151, -100.000000, 0.010000
1152, -100.000000, 0.010000
1153, -100.000000, 0.010000
1154, -100.000000, 0.010000
1155, -100.000000, 0.010000
1156, -100.000000, 0.010000
1157, -100.000000, 0.010000
1158, -100.000000, 0.010000
1159, -100.000000, 0.010000
1160, -100.000000, 0.010000
1161, -100.000000, 0.010000
1162, -100.000000, 0.010000
1163, -100.000000, 0.010000
1164, -100.000000, 0.010000
1165, -100.000000, 0.010000
1166, -100.000000, 0.010000
1167, -100.000000, 0.010000
1168, -100.000000, 0.010000
1169, -100.000000, 0.010000
1170, -100.000000, 0.010000
1171, -100.000000, 0.010000
1172, -100.000000, 0.010000
1173, -100.000000, 0.010000
1174, -100.000000, 0.010000
1175, -100.000000, 0.010000
1176, -100.000000, 0.010000
1177, -100.000000, 0.010000
1178, -100.000000, 0.010000
1179, -100.000000, 0.010000
1180, -90.000000, 0.010000
1181, -100.000000, 0.010000
1182, -100.000000, 0.010000
1183, -100.000000, 0.010000
1184, -100.000000, 0.010000
1185, -100.000000, 0.010000
1186, -100.000000, 0.010000
1187, -100.000000, 0.010000
1188, -100.000000, 0.010000
1189, -100.000000, 0.010000
1190, -100.000000, 0.010000
1191, -100.000000, 0.010000
1192, -100.000000, 0.010000
1193, -100.000000, 0.010000
1194, -100.000000, 0.010000
1195, -100.000000, 0.010000
1196, -100.000000, 0.010000
1197, -100.000000, 0.010000
1198, -100.000000, 0.010000
1199, -100.000000, 0.010000
1200, -100.000000, 0.010000
1201, -100.000000, 0.010000
1202, -100.000000, 0.010000
1203, -100.000000, 0.010000
1204, -100.000000, 0.010000
1205, -100.000000, 0.010000
